{
  "phase": "0.5k",
  "description": "synthetic-checker snapshot-path baseline",
  "fixture": "AnalysisBenchFixture (20 fields, ~36 constraint tags)",
  "totalRuns": 50,
  "metrics": {
    "wallTimeMs": {
      "cold": 935.609333,
      "warmMedian": 4.526749999999993,
      "warmP95": 6.289667000000009,
      "allWarm": [
        7.626250000000027,
        5.365790999999945,
        5.201750000000175,
        8.224333000000115,
        5.14995799999997,
        4.919499999999971,
        4.2943330000000515,
        4.526749999999993,
        5.975000000000136,
        5.042957999999999,
        4.211416999999983,
        4.16533400000003,
        3.842583999999988,
        4.5870000000002165,
        3.887083999999959,
        4.063292000000047,
        3.8186249999998836,
        3.8900840000001153,
        3.7803749999998217,
        5.131208000000015,
        4.994374999999991,
        4.577207999999928,
        3.8782079999998587,
        3.8042089999999007,
        4.737583000000086,
        3.868541999999934,
        3.86004099999991,
        3.9093749999999545,
        3.732666999999992,
        4.874958000000106,
        4.033915999999863,
        4.23395800000003,
        3.713999999999942,
        3.928124999999909,
        6.175916999999799,
        3.869916000000103,
        3.9689169999999194,
        3.8055000000001655,
        3.8150829999999587,
        4.003458000000137,
        4.783541999999898,
        6.027374999999893,
        4.823750000000018,
        5.066082999999935,
        5.213833000000022,
        6.289667000000009,
        5.416541999999936,
        5.709582999999839,
        5.695500000000038
      ],
      "note": "Run 1 (cold) is the first invocation with an empty module-level LRU cache. Runs 2-50 are warm (cache populated). Module-import overhead and ts.createProgram/TypeChecker construction are excluded — the timer wraps only buildFormSpecAnalysisFileSnapshot."
    },
    "syntheticBatchCalls": {
      "coldProgramCount": 20,
      "coldCacheHits": 0,
      "coldCacheMisses": 20,
      "warmProgramCountTotal": 0,
      "warmCacheHitsTotal": 980,
      "warmCacheMissesTotal": 0,
      "warmRunCount": 49,
      "note": "Derived from FormSpecPerformanceRecorder events. After the cold run the module-level LRU cache is warm, so subsequent runs produce cache hits and syntheticProgramCount of 0."
    },
    "memoryDeltaBytes": {
      "value": 354435072,
      "note": "RSS delta between start of run loop and end. Coarse estimate; GC timing affects accuracy."
    }
  },
  "commitSha": "57437ffa65381db44876480a79482f8e6edf78ac",
  "timestamp": "2026-04-20T00:18:08.656Z",
  "nodeVersion": "v24.14.0",
  "platform": "darwin",
  "arch": "arm64"
}
